Date,Open,High,Low,Close,Adj Close,Volume
02-05-2017,84.349998,84.650002,83.400002,83.699997,71.639473,1944305
03-05-2017,84,84.050003,82.050003,82.199997,70.355606,2287917
04-05-2017,82.199997,83.300003,81.75,83,71.040344,3787868
05-05-2017,82.75,84.150002,82.5,83.400002,71.382713,2399071
08-05-2017,83.199997,83.5,82.5,83.099998,71.125931,2569523
09-05-2017,83.300003,83.349998,82.699997,83.099998,71.125931,1743406
10-05-2017,83.300003,83.550003,81.400002,81.550003,69.799286,5865523
11-05-2017,82,83.050003,81.599998,82.599998,70.697975,2866991
12-05-2017,82.599998,82.849998,82,82.300003,70.4412,1575436
15-05-2017,82.550003,83.800003,82.150002,83.550003,71.511093,2007841
16-05-2017,83.900002,85.949997,83.400002,83.849998,71.76786,5141578
17-05-2017,84,86,83.599998,85.349998,73.05172,5499293
18-05-2017,84.75,85.599998,83.5,83.75,71.682289,2296399
19-05-2017,84.400002,85.449997,83.050003,84.150002,72.024635,6222693
22-05-2017,84.25,84.5,80.550003,82.050003,70.227234,5011530
23-05-2017,82.050003,82.25,80,80.5,68.900574,5940971
24-05-2017,80.650002,81.75,80.050003,80.25,68.6866,4879178
25-05-2017,80.349998,81.25,79.849998,80.400002,68.81498,8911228
26-05-2017,80.400002,81.25,79.550003,81.050003,69.37133,2377593
29-05-2017,81.400002,81.400002,79.800003,81.150002,69.456917,1724129
30-05-2017,81.199997,82.800003,80.849998,82.400002,70.52681,1879356
31-05-2017,82.599998,82.599998,80.599998,81,69.328537,5984254
01-06-2017,81.300003,81.349998,80.050003,80.699997,69.071762,2767159
02-06-2017,81,81.699997,80.849998,81.050003,69.37133,1447974
05-06-2017,81.449997,81.550003,80.550003,81,69.328537,2458920
06-06-2017,81,81.050003,79.25,79.599998,68.130249,3011010
07-06-2017,79.5,80.199997,79.199997,80,68.472618,2020824
08-06-2017,79.699997,79.949997,78.550003,79.050003,67.659508,2330855
09-06-2017,78.699997,79.099998,77.550003,77.800003,66.58963,3785162
12-06-2017,77.5,79.199997,76.650002,78.900002,67.531128,3119107
13-06-2017,79,79.5,77.650002,78.099998,66.84639,2322985
14-06-2017,77.849998,77.900002,76.75,77.550003,66.375648,4060663
15-06-2017,77.25,77.900002,76.800003,77.099998,65.990486,3411180
16-06-2017,77.099998,78.400002,76.800003,77.900002,66.675217,4329268
19-06-2017,77.900002,78.699997,77.150002,78.050003,66.803604,2691021
20-06-2017,77.699997,82.449997,77.699997,82.099998,70.270027,10963089
21-06-2017,82.5,82.5,81.349998,81.75,69.970451,5082680
22-06-2017,82,83.400002,80.75,82.75,70.826363,11286863
23-06-2017,82.699997,82.75,81.150002,81.5,69.756485,3436311
27-06-2017,81.699997,83.800003,80.800003,81.099998,69.414116,6031291
28-06-2017,81.800003,82,80.849998,81.650002,69.884857,3192237
29-06-2017,82.099998,82.699997,80.949997,81.550003,69.799286,2374978
30-06-2017,81.400002,81.449997,80.5,80.550003,68.943382,3999194
03-07-2017,80.25,81.099998,79.949997,80.400002,68.81498,5308137
04-07-2017,80.900002,81.699997,80.550003,81.199997,69.499702,2415946
05-07-2017,81.800003,82.300003,81.550003,81.75,69.970451,2227119
06-07-2017,82.300003,82.5,81.849998,81.949997,70.14164,1223744
07-07-2017,82,83,81.400002,81.699997,69.927658,3227783
10-07-2017,83.099998,83.75,82.599998,83.449997,71.425499,1406680
11-07-2017,84,84.199997,82.75,83,71.040344,4536568
12-07-2017,83.699997,84,82.75,83.050003,71.083138,3279731
13-07-2017,83.599998,83.900002,82.900002,83.25,71.254318,1882220
14-07-2017,83.349998,83.599998,82.75,82.949997,70.997551,4106073
17-07-2017,83,84.099998,83,83.400002,71.382713,5230073
18-07-2017,83.300003,83.900002,81.900002,82.449997,70.569588,3271847
19-07-2017,82.400002,83.25,81.900002,82.949997,70.997551,3930557
20-07-2017,82.949997,83.5,82.300003,82.900002,70.954758,1375720
21-07-2017,83.199997,83.599998,82.5,83.349998,71.339912,2135714
24-07-2017,83.349998,83.5,82.900002,83.25,71.254318,2111317
25-07-2017,83.25,83.400002,82.650002,83,71.040344,7554662
26-07-2017,83,83.449997,81.900002,82.550003,70.65519,9530863
27-07-2017,83,83.150002,81.849998,82,70.184441,2646710
28-07-2017,82.099998,82.900002,81.099998,82.150002,70.31282,1689815
31-07-2017,81.900002,82.699997,81.099998,82,70.184441,2681618
01-08-2017,81.199997,83.25,81.199997,82.800003,70.869164,2365558
02-08-2017,82.800003,82.949997,82.099998,82.599998,70.697975,867025
03-08-2017,82.5,83.400002,82.199997,82.650002,70.740776,2966583
04-08-2017,82.550003,82.75,79.699997,80.25,68.6866,5298112
07-08-2017,80.699997,80.900002,79.849998,80,68.472618,3124773
08-08-2017,80.199997,80.400002,78.050003,78.25,66.974777,1840878
09-08-2017,78.300003,78.300003,77.150002,77.800003,66.58963,2107243
10-08-2017,77,77.800003,75.800003,76.699997,66.763702,10816439
11-08-2017,76.449997,77.099998,75.849998,76.550003,66.633148,4403984
14-08-2017,77,81.150002,76.599998,79.550003,69.244499,8120241
16-08-2017,81.25,83.449997,81.099998,82.050003,71.420639,11428360
17-08-2017,82.599998,82.599998,81.349998,81.650002,71.072449,3774599
18-08-2017,80.400002,81.400002,80.050003,80.300003,69.897346,2900287
21-08-2017,80.650002,80.849998,80,80.199997,69.810295,2749000
22-08-2017,81,81.5,79.650002,80.050003,69.679726,2316424
23-08-2017,80.349998,80.349998,78.599998,78.75,68.548134,2065914
24-08-2017,79.699997,80.800003,78.800003,79.150002,68.896324,7107291
28-08-2017,79.300003,79.699997,78.449997,78.849998,68.63517,2117665
29-08-2017,78.349998,78.400002,76.75,76.949997,66.981323,4659510
30-08-2017,77.5,78,77.050003,77.650002,67.590652,2203355
31-08-2017,77.699997,79.75,77.550003,79.25,68.983368,5439368
01-09-2017,79.25,80.75,78.849998,80.099998,69.723251,7004328
04-09-2017,79.849998,80.150002,78,78.449997,68.287003,1847590
05-09-2017,79,79,78,78.349998,68.199959,1500822
06-09-2017,78.300003,78.650002,77.849998,78,67.895294,4084036
07-09-2017,78.150002,78.400002,77.150002,77.349998,67.329506,2557393
08-09-2017,77.550003,78.300003,76.75,77,67.024849,1894241
11-09-2017,78,81,77.900002,80.599998,70.15847,7804066
12-09-2017,81.199997,81.800003,80.699997,81,70.50666,5963630
13-09-2017,85,86.699997,83.5,84.800003,73.814384,31484628
14-09-2017,85.050003,87.300003,84.75,85.25,74.206085,15122422
15-09-2017,84.949997,84.949997,83.800003,84.300003,73.37915,6486746
18-09-2017,85,85.25,83.349998,83.699997,72.856873,3959456
19-09-2017,83.800003,85.650002,82.5,84.599998,73.640297,6973722
20-09-2017,86,86.199997,83.75,84,73.118011,6704318
21-09-2017,83.900002,84.400002,82.849998,83.099998,72.334602,3563888
22-09-2017,82.900002,82.900002,80.099998,80.400002,69.984383,3947805
25-09-2017,81.699997,82.5,80.349998,81.849998,71.246536,9668182
26-09-2017,82.900002,82.900002,79.650002,79.949997,69.592682,7178936
27-09-2017,80.349998,80.5,77.800003,78.150002,68.025871,5905731
28-09-2017,78.5,78.75,76.849998,77.25,67.242462,42574215
29-09-2017,77.949997,78.650002,77.150002,77.800003,67.721214,7966435
03-10-2017,79.199997,79.550003,77.099998,77.400002,67.373032,8461033
04-10-2017,77.449997,78.400002,77.349998,78,67.895294,4682880
05-10-2017,78.400002,79.199997,78.300003,78.949997,68.722229,3315187
06-10-2017,79.449997,80.900002,79.400002,80.650002,70.201988,7199557
09-10-2017,80.349998,82.050003,80.25,81.449997,70.898361,6239160
10-10-2017,81.75,82.099998,81.25,81.550003,70.98542,3898379
11-10-2017,81.75,82.550003,80.449997,81,70.50666,5318204
12-10-2017,81,82.099998,80.449997,81.699997,71.115959,4280242
13-10-2017,82.599998,82.599998,81.400002,81.650002,71.072449,2469408
16-10-2017,82,82.25,81.349998,81.949997,71.33358,2578188
17-10-2017,81.949997,82.099998,81.5,81.599998,71.028931,3977209
18-10-2017,81.800003,82.099998,81.050003,81.900002,71.29007,3092776
19-10-2017,82.550003,82.550003,81.050003,81.5,70.941887,536886
23-10-2017,82,82.050003,81.199997,81.75,71.159492,1906801
24-10-2017,82,82.5,81.550003,82.150002,71.507683,1983329
25-10-2017,82.5,83.800003,81.849998,82.25,71.594727,6803458
26-10-2017,82.699997,83.300003,82,82.150002,71.507683,7214920
27-10-2017,82.5,85.699997,82.349998,85.099998,74.075516,7554777
30-10-2017,86,87.449997,85.349998,85.949997,74.815399,5887950
31-10-2017,86.349998,86.349998,84.599998,84.900002,73.901421,3517881
01-11-2017,85.699997,86.199997,84.400002,85.199997,74.16256,3999344
02-11-2017,85.199997,85.699997,84.050003,84.800003,73.814384,3855149
03-11-2017,85.949997,88.5,83.699997,84.5,73.553238,23606567
06-11-2017,84.449997,86.449997,83.75,85.449997,74.38018,9048909
07-11-2017,86,86.400002,82.449997,83.050003,72.291092,8529822
08-11-2017,83.449997,84.550003,83,83.300003,72.508705,5729398
09-11-2017,83.550003,84.400002,82.699997,83.75,72.900406,3733865
10-11-2017,83.449997,84.25,82.349998,82.949997,72.204033,3201517
13-11-2017,83.150002,83.349998,81.75,82.199997,71.551201,3917398
14-11-2017,82,83.199997,81.650002,81.800003,71.203026,5252226
15-11-2017,81.699997,82.699997,81.650002,82.050003,71.420639,4310040
16-11-2017,82.400002,85.25,82.400002,84.800003,73.814384,9687109
17-11-2017,85.5,90.400002,85.400002,88.949997,77.42675,17486215
20-11-2017,89,92.400002,89,91.699997,79.820503,22268784
21-11-2017,92.150002,94.599998,91.699997,92.900002,80.865051,17274882
22-11-2017,92.75,93.400002,90.449997,93.050003,80.995621,10917988
23-11-2017,93.400002,94.949997,92.199997,93.150002,81.082672,11289675
24-11-2017,93.099998,94.349998,92.599998,93.650002,81.517891,6622336
27-11-2017,93.400002,95.800003,92.5,95.25,82.910599,11711838
28-11-2017,95.75,96.900002,94.599998,95.849998,83.432869,13765563
29-11-2017,95.699997,97.099998,94.5,95.050003,82.736526,12104211
30-11-2017,94.75,95.75,93.699997,94.699997,82.431854,17098296
01-12-2017,94.849998,95.599998,89.699997,90.25,78.558342,7310376
04-12-2017,91,91.849998,89.25,89.849998,78.210159,4903439
05-12-2017,89.75,89.900002,88.099998,88.900002,77.38324,4046457
06-12-2017,89,90.25,87,87.400002,76.077553,4891755
07-12-2017,87.900002,91.199997,87.699997,90.849998,79.08062,10031260
08-12-2017,91.5,93.849998,91.199997,91.599998,79.733452,8248218
11-12-2017,92.199997,94.050003,90.349998,93.550003,81.43084,8217955
12-12-2017,92.849998,93,90.150002,90.550003,78.819489,5463807
13-12-2017,90.550003,91.650002,89.900002,90.25,78.558342,7782576
14-12-2017,90.5,91,89.349998,90.5,78.775955,9796726
15-12-2017,91.550003,92.099998,90.699997,91.199997,79.385284,4984491
18-12-2017,90,93.050003,88.300003,91.099998,79.298233,8374309
19-12-2017,91.800003,92,90.599998,91.099998,79.298233,3616578
20-12-2017,91,91.900002,90.550003,90.849998,79.08062,4907711
21-12-2017,90.849998,91.699997,90.599998,91,79.211182,4925527
22-12-2017,91.300003,93.849998,90.949997,92.75,80.734474,12421581
26-12-2017,95.900002,95.900002,92.599998,93.150002,81.082672,8476138
27-12-2017,93.5,94.199997,91.550003,92.300003,80.342781,5456865
28-12-2017,92.650002,93.5,91.599998,92.050003,80.12516,6436421
29-12-2017,92.75,94.75,92.300003,93.5,81.387314,9494201
01-01-2018,93.800003,100,92.400002,97.150002,84.564461,33659894
02-01-2018,98.25,100.25,96.150002,99.699997,86.784119,29174233
03-01-2018,100.300003,101.599998,99.599998,100.800003,87.741623,23056832
04-01-2018,100.949997,101,99.25,99.599998,86.697075,6688043
05-01-2018,99.800003,101.800003,99.300003,99.550003,86.653557,11646646
08-01-2018,100,100.5,98.900002,99.849998,86.914696,5874354
09-01-2018,100.050003,101.5,98.300003,98.599998,85.826622,8661596
10-01-2018,98.849998,99.900002,97.099998,98.25,85.521957,5961340
11-01-2018,98.300003,100.25,97.800003,99.550003,86.653557,7143154
12-01-2018,99.699997,101.150002,97.449997,99.050003,86.218323,8351731
15-01-2018,99.550003,99.800003,97.699997,97.949997,85.260826,4943917
16-01-2018,98.199997,98.449997,92.900002,93.650002,81.517891,9672170
17-01-2018,93.699997,94,91.5,93.199997,81.126175,11511446
18-01-2018,93.900002,94.25,90.050003,90.599998,78.863007,8188295
19-01-2018,90.699997,92.5,90.199997,92.199997,80.25573,4545029
22-01-2018,92.599998,92.75,91.25,92.099998,80.168678,3904900
23-01-2018,92.25,93.400002,91.75,92.5,80.516861,4928177
24-01-2018,92.25,92.900002,90.849998,91.800003,79.907547,4353614
25-01-2018,91.849998,92.599998,89.550003,89.949997,78.297203,10848150
29-01-2018,90.099998,91.150002,89.449997,90.050003,78.384262,4361006
30-01-2018,88.650002,91.400002,88.150002,90.599998,78.863007,6984202
31-01-2018,90.400002,91.199997,88.550003,89,77.470276,5862598
01-02-2018,89,90.849998,87.75,89.699997,78.07959,9055967
02-02-2018,88.400002,88.699997,84.150002,84.800003,73.814384,6950966
05-02-2018,83.400002,85.5,82.349998,85,73.988464,5165430
06-02-2018,82,84.199997,79.550003,82.800003,72.073479,7742393
07-02-2018,83.949997,85.849998,83.699997,84.699997,73.727341,5612811
08-02-2018,84.949997,86.150002,84.650002,85.050003,74.03199,3975580
09-02-2018,82.5,85.949997,82.5,85.050003,74.03199,3539836
12-02-2018,85.5,87.349998,85.5,86.75,75.511765,3958245
14-02-2018,87.5,88.900002,86.449997,87.099998,75.816414,8735379
15-02-2018,88.800003,88.800003,85.599998,86.25,75.07653,4726842
16-02-2018,86.5,87.400002,85.849998,86.650002,75.424721,3919700
19-02-2018,86.699997,86.849998,85,86.099998,74.945969,3506211
20-02-2018,86.099998,86.800003,85.550003,86.400002,75.207108,2973442
21-02-2018,86.5,87.099998,84.599998,86.349998,75.163567,6105693
22-02-2018,86.199997,87.199997,83.449997,84.900002,73.901421,11344724
23-02-2018,85,86.449997,84.5,85.75,74.641312,6224406
26-02-2018,85.849998,87.099998,85.599998,85.900002,74.771889,5083760
27-02-2018,86.349998,86.900002,85.300003,85.650002,74.554268,3483539
28-02-2018,85.550003,85.800003,84.25,84.5,73.553238,3879178
01-03-2018,85,85.949997,83.949997,84.300003,73.37915,6936315
05-03-2018,84.300003,84.300003,81.400002,82.150002,71.507683,5009614
06-03-2018,82.599998,83.150002,81.099998,81.75,71.159492,4764070
07-03-2018,81.199997,81.699997,79,79.199997,68.939835,3996821
08-03-2018,78.599998,80.400002,77,79.900002,69.549164,8699087
09-03-2018,80,81.599998,79.800003,80,69.6362,5486959
12-03-2018,80.550003,81.050003,79.949997,80.849998,70.376083,3328605
13-03-2018,80.800003,82.25,80.400002,81.349998,70.811317,5000216
14-03-2018,81.25,81.400002,79.849998,80.400002,69.984383,3251098
15-03-2018,80.599998,81.199997,80,80.25,69.853821,3876762
16-03-2018,80.25,80.650002,79.699997,79.949997,69.592682,9813941
19-03-2018,79.949997,80.5,78.849998,79.550003,69.244499,4114695
20-03-2018,78.800003,80.550003,78.800003,80.349998,69.940865,2206517
21-03-2018,80.400002,80.75,79.800003,79.949997,69.592682,5279874
22-03-2018,79.900002,80.349998,79.75,80,69.6362,3112967
23-03-2018,78,80.300003,78,80,69.6362,6418882
26-03-2018,81,81.25,78.75,79.900002,69.549164,6556759
27-03-2018,80.449997,81.5,79.699997,80.099998,69.723251,4073519
28-03-2018,79.800003,80.349998,78.349998,79,68.765747,10620637
02-04-2018,79,82.199997,78.75,81.900002,71.29007,3657360
03-04-2018,81.150002,84.599998,81.150002,84.449997,73.509727,3298435
04-04-2018,84.699997,85.949997,82.550003,83.050003,72.291092,4973672
05-04-2018,84,84.75,83.300003,83.5,72.682793,2956519
06-04-2018,83.550003,85.099998,82.599998,84.5,73.553238,4231975
09-04-2018,84.150002,85.400002,83.949997,85,73.988464,1829399
10-04-2018,85.300003,87.599998,84,87.099998,75.816414,8597297
11-04-2018,86.900002,88.099998,86,87,75.72937,5792098
12-04-2018,87.099998,88.449997,86.300003,87.849998,76.469254,8423805
13-04-2018,87.800003,88.699997,87.199997,87.650002,76.295158,4719330
16-04-2018,86.849998,88.25,85.650002,87.800003,76.425735,2340628
17-04-2018,87.849998,88.099998,87,87.449997,76.121071,3111160
18-04-2018,87.550003,88.349998,87.099998,87.650002,76.295158,3471674
19-04-2018,87.849998,88.550003,86.5,86.800003,75.555275,7133021
20-04-2018,86.800003,86.900002,85.5,85.900002,74.771889,4158260
23-04-2018,85.5,86.099998,84.599998,85.400002,74.336662,4863546
24-04-2018,85.400002,86.25,84.550003,85.25,74.206085,5006507
25-04-2018,85.099998,86.949997,84.75,86.050003,74.902451,3593228
26-04-2018,86,87.199997,84.900002,86.050003,74.902451,3632913
27-04-2018,85.900002,88.599998,85.199997,87.800003,76.425735,6838988
30-04-2018,87.849998,89.150002,87.099998,88.300003,76.860962,6431222
02-05-2018,88.75,89.550003,86.300003,87,75.72937,5877657
03-05-2018,88,88.75,84.900002,86.150002,74.989487,8417244
04-05-2018,86.099998,86.550003,83.400002,85.449997,74.38018,8584365
07-05-2018,84.900002,86.150002,84.349998,85.099998,74.075516,6888782
08-05-2018,85.199997,86.199997,82.699997,84.25,73.335625,6183895
09-05-2018,84,84.599998,82.900002,83.349998,72.552223,4556128
10-05-2018,83.349998,83.75,80.849998,82,71.377106,5727033
11-05-2018,81.800003,82.400002,80.800003,81.900002,71.29007,4097448
14-05-2018,81.599998,82,80.349998,81.550003,70.98542,7645061
15-05-2018,81.349998,82.099998,80.349998,81.25,70.724274,4188197
16-05-2018,80.699997,81.5,80.5,81.25,70.724274,2846781
17-05-2018,81.5,82.5,80.550003,81.650002,71.072449,5906232
18-05-2018,81.5,81.5,80.25,80.849998,70.376083,7138023
21-05-2018,80.75,80.800003,78.349998,78.800003,68.591667,3399879
22-05-2018,78.949997,79.25,77.699997,77.849998,67.764732,3793522
23-05-2018,78,78.550003,77.050003,77.449997,67.41655,2530994
24-05-2018,77.550003,77.900002,75.300003,76.449997,66.546097,5298717
25-05-2018,76.400002,81.699997,75.949997,81.199997,70.680748,6118812
28-05-2018,81.25,83,80.650002,82.300003,71.638252,3655542
29-05-2018,82,84.349998,81.599998,83.5,72.682793,7252300
30-05-2018,82.449997,84,81.5,82.449997,71.768814,5164168
31-05-2018,82.449997,83.199997,79.849998,81.300003,70.767807,9109367
01-06-2018,80.650002,81.25,78.300003,79.599998,69.288017,3087156
04-06-2018,79.650002,80.050003,76.599998,77.199997,67.198936,2185214
05-06-2018,77.099998,79.25,76.300003,78.800003,68.591667,5406955
06-06-2018,78.699997,79.699997,77.449997,78.099998,67.982346,2849279
07-06-2018,78.699997,79.900002,78.099998,78.349998,68.199959,3366418
08-06-2018,79,79,77.699997,77.949997,67.851776,4045326
11-06-2018,78.300003,80.349998,78.099998,78.400002,68.243477,7365983
12-06-2018,79,79.199997,77.699997,77.800003,67.721214,3505780
13-06-2018,78.199997,78.349998,76.800003,77.050003,67.068375,3049374
14-06-2018,77.199997,77.75,76.349998,77.300003,67.28598,2956563
15-06-2018,77.400002,77.599998,75.900002,76.099998,66.24144,2703757
18-06-2018,76.099998,76.349998,74.800003,75,65.283951,1857389
19-06-2018,74.599998,74.849998,73.050003,73.400002,63.891216,3696735
20-06-2018,73.349998,74.5,72.800003,73.849998,64.282921,3586906
21-06-2018,74.800003,75.199997,73.900002,74.550003,64.89225,2985501
22-06-2018,75.099998,76.349998,75,76.150002,66.284973,3099772
25-06-2018,76.75,77.300003,76,76.349998,66.459045,4466618
26-06-2018,76.550003,76.550003,75,75.099998,65.370995,2552275
27-06-2018,75,75.25,71.300003,71.900002,62.585533,4334784
28-06-2018,71.400002,74.849998,71,71.650002,62.367924,7471148
29-06-2018,72,73.650002,71.800003,73.25,63.760647,3668110
02-07-2018,73.599998,73.849998,71.900002,72.25,62.89019,2632012
03-07-2018,72.5,73,71.900002,72.199997,62.846668,3149476
04-07-2018,72.25,72.550003,71.599998,72.050003,62.716106,2327587
05-07-2018,72,72.199997,71.099998,71.25,62.019741,1328748
06-07-2018,71.199997,72.349998,71,71.75,62.454971,1688831
09-07-2018,72,73.800003,72,73.199997,63.717121,1713958
10-07-2018,73.75,74.099998,72.75,73.050003,63.586555,1897237
11-07-2018,72.550003,73.449997,71.650002,72.199997,62.846668,2829649
12-07-2018,71.400002,71.699997,69.300003,69.5,61.605705,4361939
13-07-2018,69.699997,70.5,69.099998,70.150002,63.367153,3113836
16-07-2018,70,70.150002,68.650002,68.949997,63.459183,2182138
17-07-2018,68.699997,71.300003,68.050003,70.900002,65.253906,2621707
18-07-2018,70.900002,71.800003,68.900002,70,64.425575,4730154
19-07-2018,70.199997,70.449997,67.599998,68.199997,62.768909,2671048
20-07-2018,68.199997,68.300003,67.150002,67.849998,62.446785,2467860
23-07-2018,67.900002,68.699997,66.550003,68.050003,62.630863,3592808
24-07-2018,68.199997,69,67.25,67.800003,62.400768,8544903
25-07-2018,68.099998,69.449997,67.5,67.800003,62.400768,2761319
26-07-2018,68,72.5,68,70.849998,65.207878,13063298
27-07-2018,71.050003,72.5,70.849998,71.849998,66.128242,4748886
30-07-2018,71.900002,74.699997,70.900002,73.849998,67.968979,5228991
31-07-2018,73.800003,75,72.599998,74.550003,68.613235,3593905
01-08-2018,74.400002,74.699997,72.650002,73.050003,67.232689,1910149
02-08-2018,73,73.099998,71.400002,71.949997,66.220291,2722659
03-08-2018,71.849998,73.199997,71.849998,72.349998,66.588432,2275783
06-08-2018,72.599998,72.900002,71.650002,71.849998,66.128242,1936040
07-08-2018,72,72.099998,70.050003,70.300003,64.701691,2069326
08-08-2018,70.300003,70.849998,69.099998,69.449997,63.919361,2391506
09-08-2018,70,70.400002,69.199997,69.900002,64.333542,1540636
10-08-2018,69.900002,71.150002,69,69.349998,63.827328,2354841
13-08-2018,69.150002,70.050003,68.550003,68.75,63.27512,2145648
14-08-2018,69.050003,69.550003,68.599998,68.75,63.27512,1529387
16-08-2018,68.550003,68.550003,67,67.150002,61.802532,3007914
17-08-2018,67.400002,69,67.050003,68.650002,63.183086,2814891
20-08-2018,68.900002,70.349998,68.5,70.050003,64.471588,1947407
21-08-2018,69.800003,73,69.699997,72.25,66.496391,4051774
23-08-2018,73.400002,73.400002,71.150002,72.050003,66.312317,3874963
24-08-2018,71.800003,72.5,70.599998,71.75,66.036209,1880021
27-08-2018,71.800003,76.599998,71.800003,75.599998,69.579613,8322360
28-08-2018,75.400002,76.75,73.849998,74.849998,68.889343,6849642
29-08-2018,74.449997,77.650002,74.400002,76.900002,70.776093,5498653
30-08-2018,77,77.400002,75.699997,76.099998,70.039795,3984371
31-08-2018,75.5,77.599998,74.349998,76.699997,70.592018,8664078
03-09-2018,77,79,76.25,78.199997,71.972565,9367421
04-09-2018,78.849998,78.849998,72.75,73.349998,67.508789,6421244
05-09-2018,73.5,75.349998,72.699997,74.900002,68.935371,4558713
06-09-2018,75.349998,75.800003,73.599998,75.050003,69.073418,3305924
07-09-2018,74.949997,75.949997,73.849998,75.199997,69.211464,3672000
10-09-2018,75.349998,75.800003,73.5,73.800003,67.922966,2481496
11-09-2018,73.949997,76.949997,73.900002,74.449997,68.521194,9600604
12-09-2018,74.800003,74.949997,72.900002,74,68.107033,3114148
14-09-2018,74.150002,76.5,74.150002,76.199997,70.131836,3673610
17-09-2018,75.949997,78.699997,75.099998,77.900002,71.696457,4917413
18-09-2018,77.900002,78.949997,74.050003,74.599998,68.659256,5822581
19-09-2018,75.25,77.349998,74.800003,75.550003,69.533607,5377830
21-09-2018,75.550003,76.5,68.25,72.900002,67.094627,11584620
24-09-2018,72.800003,72.900002,68.099998,69.099998,63.59724,5131356
25-09-2018,69,71.300003,68,70.300003,64.701691,6281761
26-09-2018,70.699997,70.949997,68.900002,70.25,64.655663,3273684
27-09-2018,70.050003,70.650002,68.199997,68.599998,63.137054,3697390
28-09-2018,69.099998,69.349998,65.5,65.849998,60.606052,4314947
01-10-2018,66.449997,68.400002,64.800003,67.949997,62.538818,5836832
03-10-2018,67.699997,69.25,66.349998,67.5,62.124657,3650280
04-10-2018,66.900002,68,66.099998,66.849998,61.526421,2925150
05-10-2018,67.5,67.5,62.299999,62.849998,57.844955,3751740
08-10-2018,62.849998,65.300003,60.349998,61.5,56.602463,4837741
09-10-2018,61.950001,62.400002,59.799999,60.950001,56.096264,4969265
10-10-2018,61.299999,65.449997,61.25,65,59.823746,5665257
11-10-2018,62.799999,63.900002,61.599998,62.25,57.292744,5043513
12-10-2018,63.099998,72.099998,62.950001,68.849998,63.367153,29093448
15-10-2018,69.949997,71.599998,68.800003,71.25,65.576027,11621446
16-10-2018,71.550003,74.050003,70.5,73.800003,67.922966,11095793
17-10-2018,74.25,74.599998,71.699997,72.550003,66.772507,10862420
19-10-2018,72,72.400002,69.300003,70.150002,64.563629,4497227
22-10-2018,70.800003,71.400002,68.800003,69.599998,64.057426,7954462
23-10-2018,69.300003,69.900002,67.949997,69.449997,63.919361,4377235
24-10-2018,69.599998,70.900002,68.5,69.25,63.735298,2743564
25-10-2018,68.800003,69.900002,67.550003,69,63.505211,9727241
26-10-2018,68.900002,70.75,68,68.900002,63.41317,5515389
29-10-2018,69.199997,86.099998,68.349998,77.599998,71.420349,44673883
30-10-2018,78.5,80.050003,76.650002,77.75,71.558403,17409930
31-10-2018,78.199997,79,74.650002,76.550003,70.453972,9638641
01-11-2018,76.300003,77.699997,75.300003,76.349998,70.269882,9074632
02-11-2018,77.199997,77.400002,75.300003,76,69.947762,7177611
05-11-2018,74.900002,75.849998,73.25,75.300003,69.303513,4561329
06-11-2018,75.449997,77.099998,75,75.650002,69.625641,4673161
07-11-2018,76.449997,76.5,75.5,75.949997,69.901733,437631
09-11-2018,76.449997,77.099998,75,75.900002,69.855736,8564873
12-11-2018,75.849998,76.400002,74.150002,74.550003,68.613235,3131624
13-11-2018,74.050003,76.5,73.099998,76.050003,69.99379,5609725
14-11-2018,76.300003,78.75,75.5,77.949997,71.74247,5642238
15-11-2018,78,78.400002,75.900002,76.699997,70.592018,3328106
16-11-2018,76.800003,77.400002,75.099998,76.800003,70.684059,4743419
19-11-2018,76.900002,77.800003,75.800003,77.349998,71.190254,5660440
20-11-2018,77.349998,78.849998,76.349998,78.300003,72.064606,10567258
21-11-2018,78.099998,79.099998,76.75,78.150002,71.926552,4999835
22-11-2018,77.75,78.25,74.5,74.900002,68.935371,4807716
26-11-2018,75.5,76.400002,74.449997,75.550003,69.533607,4950029
27-11-2018,75.650002,76.199997,74.5,75.650002,69.625641,4127732
28-11-2018,76.099998,76.099998,73.849998,74.400002,68.475182,3949157
29-11-2018,74.900002,75.75,73.400002,75.199997,69.211464,14742072
30-11-2018,75.199997,76.5,73.75,76.099998,70.039795,8135493
03-12-2018,76.900002,83.150002,76.75,82.550003,75.976158,29213251
04-12-2018,82.550003,83.849998,80.699997,81.5,75.009766,9652045
05-12-2018,80.75,81.5,79.900002,80.449997,74.043388,4817088
06-12-2018,80.199997,80.199997,78.800003,79.400002,73.077011,4685342
07-12-2018,80,81.150002,78.349998,79.449997,73.123024,5677506
10-12-2018,78.5,79.300003,76.300003,77.650002,71.466362,3040723
11-12-2018,76.099998,80.150002,75.849998,79.150002,72.846916,3917069
12-12-2018,79.349998,79.949997,77.75,79.099998,72.800896,4227632
13-12-2018,79.25,81.300003,77.5,78.699997,72.432747,5535207
14-12-2018,78.75,79.849998,78.150002,79.300003,72.984962,1828782
17-12-2018,79.599998,80.900002,77.400002,77.900002,71.696457,3358110
18-12-2018,77.75,78.949997,77.449997,78.650002,72.386726,3915779
19-12-2018,78.800003,80.300003,78.599998,79.5,73.169037,3721346
20-12-2018,76.050003,80.900002,76.050003,80.25,73.859314,9768078
21-12-2018,80.5,80.650002,76.050003,76.449997,70.361931,7243377
24-12-2018,76.800003,78.650002,76.099998,76.800003,70.684059,5132728
26-12-2018,76.599998,76.699997,74.849998,75.949997,69.901733,4017872
27-12-2018,76.699997,77.699997,75.5,77,70.868126,12997320
28-12-2018,77.150002,77.849998,76.800003,77.099998,70.960159,3477676
31-12-2018,77.349998,78,76.099998,76.800003,70.684059,3602334
01-01-2019,77,77.25,76.300003,76.699997,70.592018,2153622
02-01-2019,76.800003,76.949997,74.400002,74.849998,68.889343,2504768
03-01-2019,76,76.25,73.849998,74.199997,68.291107,4583837
04-01-2019,74.300003,75.550003,73.699997,75.050003,69.073418,3170169
07-01-2019,75.449997,75.75,74.25,74.699997,68.751282,1691362
08-01-2019,74.75,75.5,74.550003,74.949997,68.981377,1684121
09-01-2019,75.099998,75.5,73.849998,74.349998,68.429153,2006348
10-01-2019,74.25,75.099998,73.900002,74.900002,68.935371,1704653
11-01-2019,75.099998,75.25,73.800003,75,69.02739,3214817
14-01-2019,75,75,73.699997,74.300003,68.383141,3702534
15-01-2019,74.5,75.25,74.150002,75.050003,69.073418,3099444
16-01-2019,75,76.949997,74.5,76.5,70.407951,4222858
17-01-2019,76.349998,76.949997,74.949997,76,69.947762,4496763
18-01-2019,76,76.449997,75.150002,76,69.947762,4009644
21-01-2019,76,77.199997,75.449997,75.949997,69.901733,5188679
22-01-2019,75.900002,77.5,74.900002,76.349998,70.269882,4074882
23-01-2019,77,77.949997,74.849998,75.199997,69.211464,5394325
24-01-2019,75.300003,75.75,74.300003,74.550003,68.613235,3700318
25-01-2019,74.699997,75.300003,73.449997,73.949997,68.061012,3724093
28-01-2019,73.949997,73.949997,69.650002,70.949997,65.299911,5766908
29-01-2019,68.5,72.400002,68.5,71.050003,65.391953,12562431
30-01-2019,71.199997,71.5,67.900002,68.150002,62.7229,4846733
31-01-2019,68.449997,72,67.900002,71.300003,65.622047,7442257
01-02-2019,71.5,72.300003,70.25,71.5,65.806114,3343602
04-02-2019,71,71.150002,69.550003,70.550003,64.931778,3028680
05-02-2019,70.25,71.75,69.25,69.900002,64.333542,2916745
06-02-2019,69.800003,70.900002,68.400002,70.400002,64.793716,3066537
07-02-2019,70.400002,71.400002,69.150002,69.599998,64.057426,3536220
08-02-2019,69.050003,70.349998,68.050003,68.75,63.27512,2124482
11-02-2019,68.449997,68.449997,65.150002,65.550003,60.329948,7041255
12-02-2019,65.650002,67.25,65.5,66.300003,61.020222,4213698
14-02-2019,65.800003,67.849998,65.099998,67.550003,62.170677,6828282
15-02-2019,67.300003,70.199997,66.449997,69.199997,63.68927,11110591
18-02-2019,69.199997,69.5,65.050003,65.349998,60.14587,6717626
19-02-2019,65.900002,67.150002,65.650002,65.900002,60.652077,2892850
20-02-2019,66.449997,67.949997,65.800003,66.900002,61.572441,5950455
21-02-2019,67.699997,68.150002,66.849998,67.449997,62.07864,3283026
22-02-2019,67.5,67.949997,66.75,67.099998,61.756508,3078805
25-02-2019,67.099998,67.449997,66.400002,66.550003,61.25032,3161336
26-02-2019,66.300003,67.150002,64.050003,66.150002,60.882164,10552247
27-02-2019,66.550003,67.949997,65.150002,65.5,60.283924,4724311
28-02-2019,65.900002,66.25,65.099998,65.449997,60.237907,9665743
01-03-2019,66,67.75,65.599998,67.050003,61.710499,11001198
05-03-2019,67.849998,69.650002,67.199997,69.150002,63.643261,13327374
06-03-2019,70,72.150002,69.199997,71.300003,65.622047,11046556
07-03-2019,73,73.949997,70.349998,70.550003,64.931778,12534795
08-03-2019,70.449997,70.75,68.849998,70,64.425575,6200799
11-03-2019,71.199997,72.099998,70.300003,71.699997,65.990189,5319324
12-03-2019,72.099998,74,71.949997,73.349998,67.508789,8901828
13-03-2019,73,74.449997,72.150002,73.800003,67.922966,7408808
14-03-2019,74.150002,74.150002,72.75,73.050003,67.232689,3962991
15-03-2019,73,74.75,72.800003,73.800003,67.922966,7751928
18-03-2019,74.099998,74.699997,72.699997,73.050003,67.232689,5296795
19-03-2019,73.449997,74.300003,72.699997,73,67.186661,5567624
20-03-2019,73.199997,73.849998,71.699997,72.050003,66.312317,5050030
22-03-2019,73,73.800003,72,72.550003,66.772507,3913385
25-03-2019,72.449997,73.150002,70.550003,71.900002,66.174263,4332510
26-03-2019,72.449997,73,70.849998,71.300003,65.622047,3789439
27-03-2019,71.449997,72.900002,71.099998,71.400002,65.714081,4812399
28-03-2019,71.900002,72.650002,71.099998,71.550003,65.852142,9265724
01-04-2019,74.199997,76,73.699997,74.400002,68.475182,7267624
02-04-2019,75.5,77,73.099998,74.050003,68.153053,12971969
03-04-2019,74.550003,74.550003,71.050003,71.449997,65.760101,6417056
04-04-2019,71.5,72.400002,70.25,70.75,65.115845,6416069
05-04-2019,71,72.699997,70.5,71.949997,66.220291,7793935
08-04-2019,73,73.550003,70.75,71.900002,66.174263,8540124
09-04-2019,71.900002,73,70.75,72.599998,66.818527,7591689
10-04-2019,72.599998,73.199997,70.599998,70.900002,65.253906,6360330
11-04-2019,71.400002,73.150002,70.599998,72.699997,66.910553,9396530
12-04-2019,73.050003,74.599998,71.900002,73.25,67.416763,11615133
15-04-2019,73,73.199997,71.199997,71.349998,65.668068,11147566
16-04-2019,71.75,71.949997,71.099998,71.449997,65.760101,8590291
18-04-2019,71.75,71.75,70,70.550003,64.931778,7272249
22-04-2019,70,70.199997,69,69.199997,63.68927,7738634
23-04-2019,69.5,69.699997,68.099998,68.25,62.814938,4138151
24-04-2019,68.349998,68.5,67.5,67.800003,62.400768,7350305
25-04-2019,68,69.550003,67.400002,67.699997,62.308731,6836123
26-04-2019,68.099998,68.199997,67.150002,67.900002,62.492805,4838776
30-04-2019,67.900002,68.099998,66.550003,67.800003,62.400768,5128196
02-05-2019,67.550003,68.199997,66.25,66.599998,61.296326,8983855
03-05-2019,65.599998,68.150002,65.400002,66.949997,61.618454,10461436
06-05-2019,66.650002,67,65.599998,65.849998,60.606052,3484887
07-05-2019,66.5,66.5,64.099998,64.349998,59.225506,6153618
08-05-2019,64,64.800003,63.200001,64.5,59.363564,6615929
09-05-2019,64.099998,64.949997,63.900002,64.400002,59.271526,5987301
10-05-2019,64.400002,65.300003,63.599998,63.799999,58.719307,5801249
13-05-2019,63.799999,64.300003,61.75,62.599998,57.614864,5045201
14-05-2019,62,63.900002,61.5,63.200001,58.167088,5023042
15-05-2019,63.400002,63.599998,61,61.349998,56.464413,3881241
16-05-2019,61.599998,61.900002,60.849998,61.349998,56.464413,4252067
17-05-2019,61.400002,61.849998,60.849998,61.400002,56.510429,3714715
20-05-2019,63.400002,67.900002,63.25,65.75,60.514019,12597503
21-05-2019,66.349998,66.349998,63.599998,64.400002,59.271526,5274759
22-05-2019,64.5,65.050003,64.099998,64.800003,59.639675,10055230
23-05-2019,66,67.5,64.300003,64.599998,59.455601,8012364
24-05-2019,65,68,64.800003,67.699997,62.308731,7448138
27-05-2019,67.5,71,67.099998,70.800003,65.161865,7770706
28-05-2019,71.449997,71.449997,69.949997,70.550003,64.931778,10842080
29-05-2019,70.5,70.699997,68.199997,68.650002,63.183086,4104774
30-05-2019,68,71,67.800003,70.5,64.885757,4710748
31-05-2019,70.5,70.599998,68,68.800003,63.321133,7040284
03-06-2019,69,69.25,67.75,68.349998,62.906963,4792922
04-06-2019,67.5,68,66.449997,66.699997,62.57859,4864404
06-06-2019,66.75,66.949997,64.650002,65.099998,62.291534,4982307
07-06-2019,65,66.599998,64.050003,66.300003,63.43977,4984037
10-06-2019,66.650002,67.300003,65.949997,66.550003,63.678986,4586585
11-06-2019,66.5,67.199997,66.050003,66.349998,63.487606,2979053
12-06-2019,66.550003,67.75,65.849998,66.25,63.391922,4196963
13-06-2019,66.099998,66.349998,65.099998,65.849998,63.009178,10026686
14-06-2019,66,66.949997,64.900002,65.150002,62.339378,7474667
17-06-2019,65.550003,65.550003,63.599998,64.5,61.717419,6489309
18-06-2019,64.25,65.099998,63.900002,64.300003,61.526051,2523540
19-06-2019,65.199997,65.349998,63.200001,63.5,60.760559,6911446
20-06-2019,63.5,64.849998,63,64.599998,61.813103,3388105
21-06-2019,64.599998,65.5,64.099998,65.25,62.435062,7069181
24-06-2019,65,65.699997,64.5,65.050003,62.243694,3456625
25-06-2019,65,67.550003,64.75,66.300003,63.43977,8164192
26-06-2019,67,69.5,66.699997,68.550003,65.592705,7878180
27-06-2019,68.550003,69.300003,68.349998,68.650002,65.688385,3985838
28-06-2019,68.849998,70.199997,68.099998,69,66.023285,6407062
01-07-2019,69.349998,71,68.150002,70.699997,67.64994,6683580
02-07-2019,71.050003,73.400002,70.150002,73.099998,69.946404,20164926
03-07-2019,73.400002,74.150002,71.5,73.849998,70.664047,13757355
04-07-2019,73.5,74.050003,71.800003,72.150002,69.037392,4570483
05-07-2019,72.150002,72.5,70.199997,70.599998,67.55426,4542388
08-07-2019,70.199997,70.400002,67.349998,68.599998,65.640541,5025170
09-07-2019,68.199997,69.050003,67.849998,68.5,65.544861,4835452
10-07-2019,68.949997,69.099998,66.099998,66.349998,63.487606,6342661
11-07-2019,67,67.75,66.650002,67.400002,64.492317,3017441
12-07-2019,67.650002,69.050003,67.199997,68.150002,65.209961,5451127
15-07-2019,68.550003,69.150002,67,68.550003,65.592705,5917414
16-07-2019,68.599998,69.400002,67.550003,67.949997,65.018578,4176351
17-07-2019,68.099998,69.699997,68,69.050003,66.071129,5283091
18-07-2019,69.650002,70,66.099998,66.349998,63.487606,6841872
19-07-2019,66.349998,67.300003,65.199997,66.550003,63.678986,6236877
22-07-2019,66.699997,67.300003,65.5,67.099998,64.205254,3031714
23-07-2019,67.199997,67.949997,66.050003,66.25,63.391922,4302826
24-07-2019,66.400002,66.599998,63,63.849998,61.095459,12131637
25-07-2019,64,64.300003,61.25,61.549999,58.894684,10579797
26-07-2019,61.299999,63.150002,60.950001,62.299999,59.612328,5026025
29-07-2019,62.349998,63.25,61.150002,61.400002,58.75116,8028637
30-07-2019,61.950001,61.950001,58.400002,58.900002,56.359009,8542201
31-07-2019,58.900002,60.799999,57.849998,60.549999,57.937824,8823980
01-08-2019,60.299999,60.849998,58.5,59.75,57.172337,6467008
02-08-2019,58.900002,60.450001,57.75,59.150002,56.598225,9264426
05-08-2019,58.5,58.950001,57.349998,57.900002,55.402149,4471359
06-08-2019,58.049999,59.950001,58.049999,59.299999,56.741753,5274512
07-08-2019,59.400002,60.200001,58.650002,59.049999,56.502537,5497938
08-08-2019,59.200001,59.450001,57.150002,57.75,55.258617,16880937
09-08-2019,58.200001,59.700001,56.75,57.5,55.019402,12338857
13-08-2019,58,58,55.400002,55.75,53.344902,9698903
14-08-2019,56.299999,56.400002,54.700001,55.5,53.105686,7587853
16-08-2019,55.599998,56.349998,54.049999,56.099998,53.679802,5629413
19-08-2019,56.150002,58.099998,56.150002,57.25,54.78019,5798705
20-08-2019,57.25,57.450001,54.049999,56,53.584114,8336718
21-08-2019,56,56,50.349998,51.099998,48.895504,20675582
22-08-2019,51.400002,55.75,50.950001,53.400002,51.096283,20698816
23-08-2019,53.450001,55.799999,52.200001,54.5,52.148827,11745308
26-08-2019,54.849998,56.450001,53.849998,55.950001,53.536274,7338648
27-08-2019,56.099998,56.700001,55.099998,55.349998,52.962154,11904371
28-08-2019,55.400002,55.849998,53.75,55.450001,53.057842,7447749
29-08-2019,54.849998,55.950001,54.400002,55.5,53.105686,7509337
30-08-2019,55.5,57,55,56.75,54.301758,8245510
03-09-2019,55.099998,56.150002,53.700001,53.849998,51.526867,7278914
04-09-2019,53.900002,54.599998,53,54.099998,51.766083,7314423
05-09-2019,54.099998,55.700001,53.900002,55.299999,52.914314,5761504
06-09-2019,56,59.25,55.200001,58.200001,55.689209,10295942
09-09-2019,58.900002,61.75,57.75,60.400002,57.794296,13876046
11-09-2019,59,61.700001,59,61.200001,58.559784,9565117
12-09-2019,62,65.099998,61.650002,63.900002,61.143303,33622571
13-09-2019,64.25,64.75,62.5,64.300003,61.526051,10918356
16-09-2019,63.799999,64.5,63.200001,64.400002,61.621731,10435287
17-09-2019,64.599998,64.650002,63.5,63.950001,61.191147,12557507
18-09-2019,64.050003,64.5,63.049999,64.050003,61.286835,10420154
19-09-2019,64.099998,65.099998,63.599998,64.75,61.956635,18037975
20-09-2019,65.150002,68.5,64.099998,67.050003,64.157417,18160706
23-09-2019,67.75,68.849998,65.650002,67.199997,64.300934,13710399
24-09-2019,67.699997,67.949997,65.349998,66.400002,63.53545,7243291
25-09-2019,65.400002,65.949997,62.849998,63.799999,61.047619,16576534
26-09-2019,64.099998,64.25,62.799999,63.650002,60.904087,10135989
27-09-2019,63.700001,64,61.900002,62.099998,59.420956,5874118
30-09-2019,62.5,62.799999,61,62.5,59.803703,7001421
01-10-2019,62.5,62.849998,58.75,59.349998,56.789593,9081992
03-10-2019,58.950001,59.75,58.599998,59.349998,56.789593,5139225
04-10-2019,59.799999,59.950001,57.799999,58,55.497833,4218735
07-10-2019,58.25,59,56.75,58.200001,55.689209,8486582
09-10-2019,58.5,61.75,58.049999,61.450001,58.799,12749464
10-10-2019,61.099998,62.099998,60.400002,61.599998,58.942524,7059183
11-10-2019,62,62,60.700001,61.099998,58.464096,6976429
14-10-2019,60.75,61.599998,59.549999,59.799999,57.220181,4814837
15-10-2019,60,60.299999,59.150002,59.75,57.172337,4933745
16-10-2019,60,60.049999,57.799999,58.099998,55.593517,7716452
17-10-2019,58.150002,60.200001,57.599998,59.849998,57.268024,11906599
18-10-2019,60,60.5,59.200001,59.950001,57.363708,10786215
22-10-2019,59.849998,60.700001,58.849998,59.200001,56.646065,8748155
23-10-2019,59.549999,62.25,59.25,61.099998,58.464096,9254939
24-10-2019,61.5,61.5,58.5,59.150002,56.598225,5162218
25-10-2019,59.650002,59.650002,57.25,57.599998,55.115089,4657499
27-10-2019,58.450001,58.599998,57.650002,58.150002,55.641365,674171
29-10-2019,58.5,59.299999,57.900002,58.450001,55.928421,14361888
30-10-2019,58.700001,59,58.25,58.599998,56.071949,4477801
31-10-2019,58.900002,59.700001,58.400002,59.299999,56.741753,8154223
01-11-2019,59.599998,60.299999,59.150002,59.5,56.933125,6997405
04-11-2019,59.75,60.799999,59.200001,59.700001,57.124496,9648773
05-11-2019,60.099998,60.150002,58.450001,58.700001,56.167637,5308306
06-11-2019,58.700001,59.25,57.900002,58.900002,56.359009,8233444
07-11-2019,59.400002,59.400002,57.5,58.75,56.215481,9181608
08-11-2019,59.549999,60.349998,58.650002,59.549999,56.980965,25224076
11-11-2019,60.799999,60.799999,56.599998,57.5,55.019402,24360351
13-11-2019,57.849998,57.950001,55.049999,55.400002,53.010002,10060059
14-11-2019,55.299999,55.950001,54.349998,54.650002,52.292358,6076033
15-11-2019,55,55.450001,54.200001,54.5,52.148827,5676494
18-11-2019,54.5,56.599998,54.5,55.950001,53.536274,7099868
19-11-2019,56,56.299999,55.349998,55.75,53.344902,3922027
20-11-2019,55.650002,55.849998,55.099998,55.400002,53.010002,4758920
21-11-2019,55.349998,56.200001,54.549999,54.849998,52.483727,7025549
22-11-2019,55.200001,55.75,54.700001,55.150002,52.770786,8206981
25-11-2019,55.150002,56.099998,55.150002,55.950001,53.536274,5254263
26-11-2019,56.25,57.099998,55.400002,56.650002,54.206078,13251685
27-11-2019,57,57.5,56.549999,56.799999,54.349602,6969108
28-11-2019,56.599998,56.799999,55.700001,56.450001,54.014702,12572613
29-11-2019,56.799999,58.950001,56.549999,57.349998,54.875874,13401893
02-12-2019,57.349998,57.400002,55.549999,56.349998,53.919018,12052254
03-12-2019,56.5,56.5,55,55.450001,53.057842,5536309
04-12-2019,55,56.150002,54.900002,55.849998,53.440586,3605231
05-12-2019,56.150002,56.150002,55.25,55.799999,53.392742,7119298
06-12-2019,57.349998,57.349998,53.200001,53.5,51.191967,14587403
09-12-2019,53.5,54.650002,52.25,52.450001,50.187263,8338162
10-12-2019,52.700001,53.75,51.049999,51.400002,49.182564,18892627
11-12-2019,51.150002,53.099998,51.150002,52.799999,50.522167,7113895
12-12-2019,52.700001,53.75,52.549999,53.349998,51.048439,5730574
13-12-2019,53.599998,54.599998,52.900002,54,51.670399,13996578
16-12-2019,54.150002,55.549999,54.049999,55,52.627258,13368024
17-12-2019,55,56.200001,54.650002,56.049999,53.631958,7255855
18-12-2019,56.25,56.25,54.799999,55.5,53.105686,5634510
19-12-2019,54.950001,56.049999,54.549999,55.700001,53.297058,6911871
20-12-2019,55.650002,56.099998,55.25,55.450001,53.057842,5836678
23-12-2019,55,56,55,55.75,53.344902,6340544
24-12-2019,56.450001,56.650002,55.75,56.099998,53.679802,7649247
26-12-2019,56,56.549999,55,55.150002,52.770786,4026238
27-12-2019,55.299999,56.299999,55.299999,56.099998,53.679802,2983035
30-12-2019,55.900002,56.700001,55.700001,56.450001,54.014702,3198070
31-12-2019,56.5,56.900002,56.299999,56.5,54.062546,3504310
01-01-2020,56.799999,57.849998,56.650002,57.599998,55.115089,3878107
02-01-2020,57.900002,58.150002,56.799999,58,55.497833,12142359
03-01-2020,58,58.549999,57.299999,57.75,55.258617,9746134
06-01-2020,57.049999,57.5,55.950001,56.75,54.301758,3833784
07-01-2020,57.099998,57.549999,56.049999,56.599998,54.15823,3974582
08-01-2020,56,56.75,55.700001,56.25,53.82333,3078686
09-01-2020,56.549999,58.200001,56.549999,57.799999,55.306461,6282472
10-01-2020,57.75,59.5,57.349998,58.950001,56.406853,10571670
13-01-2020,59.200001,59.849998,58.849998,59.400002,56.837437,5570014
14-01-2020,59.5,60.349998,59.200001,60.200001,57.602924,5841008
15-01-2020,60.299999,61.099998,59.900002,60.900002,58.272728,5808570
16-01-2020,61.099998,61.349998,60.349998,61,58.368412,14551255
17-01-2020,61.099998,62.099998,60.799999,61.549999,58.894684,6414265
20-01-2020,61.549999,61.700001,59.900002,60.25,57.650768,8384043
21-01-2020,59.599998,60.299999,59.349998,59.549999,56.980965,6250007
22-01-2020,59.900002,60,58.900002,59.150002,56.598225,8871316
23-01-2020,59,60.25,58.900002,60.150002,57.55508,8476777
24-01-2020,60,61.950001,59.75,61.200001,58.559784,6085340
27-01-2020,60.799999,62,60.349998,60.700001,58.081352,7343803
28-01-2020,60.700001,61.799999,60.25,60.75,58.129196,7799785
29-01-2020,61.349998,62,60.400002,60.900002,58.272728,5292349
30-01-2020,60.650002,61.549999,59,60.299999,57.698608,15197956
31-01-2020,60.5,60.599998,57.599998,58.099998,55.593517,7977888
03-02-2020,55.099998,56.400002,54.650002,54.900002,52.53157,5011428
04-02-2020,55.299999,56.799999,54.599998,56.400002,53.966858,8418747
05-02-2020,56.900002,57.349998,56.150002,57.200001,54.732346,4115182
06-02-2020,57.049999,58.200001,56.849998,57.700001,55.210777,3658979
07-02-2020,57.400002,58.200001,57.349998,58,55.497833,3340932
10-02-2020,57.700001,58.150002,55.950001,56.950001,54.49313,3640927
11-02-2020,57,57.849998,56.849998,57.650002,55.162937,3188511
12-02-2020,57.799999,58.25,55.75,56,53.584114,4132841
13-02-2020,55.849998,55.950001,54.75,55.299999,52.914314,6687073
14-02-2020,55.299999,55.599998,53.549999,53.799999,51.479023,7158438
17-02-2020,53.900002,53.950001,51.5,51.75,49.517464,5167878
18-02-2020,51.75,51.950001,50.599998,51.549999,49.326092,5096324
19-02-2020,52,52.349998,50.799999,51.349998,49.134716,7216081
20-02-2020,51.849998,52.650002,50.900002,51.599998,49.373936,22312622
24-02-2020,51.5,52.650002,50.849998,51.849998,49.613152,8835835
25-02-2020,52.150002,52.950001,51.549999,51.700001,49.46962,7099808
26-02-2020,51.099998,51.150002,48.799999,49.349998,47.221001,22209900
27-02-2020,49.450001,49.650002,47.5,49.299999,47.173157,18385687
28-02-2020,47.700001,48.549999,46.049999,46.700001,44.685326,24044762
02-03-2020,47.099998,47.799999,43.25,43.799999,41.910435,17866454
03-03-2020,44.349998,45.049999,43.400002,44.400002,42.484547,11775256
04-03-2020,44.049999,45.25,43.349998,44.75,42.81945,8268039
05-03-2020,44.450001,45.799999,43.900002,44.25,42.341019,11568670
06-03-2020,43.299999,44.150002,41.450001,43.049999,41.192791,8034080
09-03-2020,42.049999,42.25,38.400002,39.75,38.035152,12055075
11-03-2020,39.400002,40.049999,37.799999,37.900002,36.264965,13031174
12-03-2020,36,41.349998,33.849998,40.349998,38.609268,41974955
13-03-2020,37.900002,42.799999,34.599998,42.150002,40.331619,36149525
16-03-2020,40.799999,41.450001,39.650002,40.450001,38.704956,11109146
17-03-2020,40.450001,42.549999,38.5,38.950001,37.269669,9356819
18-03-2020,39.549999,39.950001,34.700001,35.099998,33.585754,12710992
19-03-2020,33.200001,36.700001,32.75,34.200001,32.724586,11396652
20-03-2020,34.349998,37.5,34,36.700001,35.116734,12777728
23-03-2020,34.349998,35,31.200001,32.900002,31.480669,7631822
24-03-2020,33.150002,34.950001,31.200001,34.400002,32.915958,11652363
25-03-2020,34.299999,35.650002,34,35,33.490074,5874349
26-03-2020,35.349998,35.75,33.450001,35.200001,33.681446,11152198
27-03-2020,35.849998,36.849998,33.25,33.950001,32.485371,9984277
30-03-2020,33.950001,33.950001,32.049999,32.299999,30.906551,9090303
31-03-2020,32.799999,33.599998,32.450001,32.849998,31.432825,7034191
01-04-2020,32.299999,32.799999,31.35,31.549999,30.188906,5645202
03-04-2020,31.75,31.9,29.950001,30.15,28.849304,10639666
07-04-2020,31.799999,34.299999,30.799999,33.650002,32.198315,12216361
08-04-2020,33.650002,36.450001,32.950001,35.650002,34.11203,13337227
09-04-2020,36.299999,37,35.599998,36.5,34.925362,6744006
13-04-2020,36.650002,36.900002,35,35.900002,34.351246,4971715
15-04-2020,36.599998,37.5,34.549999,35.049999,33.537914,8241923
16-04-2020,35.049999,35.5,34.5,34.700001,33.203014,9452838
17-04-2020,35.599998,36.299999,34.049999,34.400002,32.915958,11813368
20-04-2020,34.650002,34.650002,33.200001,33.549999,32.102627,24632398
21-04-2020,32.900002,33.150002,32.150002,32.450001,31.050083,11655125
22-04-2020,32.400002,33.299999,31.700001,32.400002,31.002239,11600499
23-04-2020,32.599998,33.400002,32.400002,32.700001,31.289297,8034445
24-04-2020,32.599998,32.599998,30.799999,31.049999,29.710478,13995409
27-04-2020,31.5,32,30.75,31.049999,29.710478,10333713
28-04-2020,31.4,31.450001,30.5,30.700001,29.37558,10619659
29-04-2020,31.1,31.5,31,31.1,29.758322,14334699
30-04-2020,31.4,32.150002,31.049999,31.700001,30.332438,32595506
04-05-2020,31.5,31.5,30,30.1,28.801462,15845975
05-05-2020,30.85,31.5,30.35,30.5,29.184206,11702153
06-05-2020,30.75,30.75,28.85,29,27.748917,31848464
07-05-2020,29.1,29.450001,28.799999,29,27.748917,13470518
08-05-2020,29.799999,29.799999,27.65,28.5,27.270487,20376200
11-05-2020,29,29,27.15,27.299999,26.122255,36502236
12-05-2020,27.25,28.6,27,28.4,27.174801,27226330
13-05-2020,30,31,28.85,30.299999,28.992834,53613887
14-05-2020,31,33.200001,30.5,30.9,29.566948,69089712
15-05-2020,31,31.799999,29.75,31.4,30.04538,36969885
18-05-2020,31.950001,32.099998,30.25,31.299999,29.949692,33654540
19-05-2020,31.5,32.849998,30.6,32.450001,31.050083,37940322
20-05-2020,34.150002,34.599998,32.799999,33.25,31.815567,91642146
21-05-2020,33.650002,33.900002,32.549999,32.849998,31.432825,35022500
22-05-2020,32.5,34.099998,31.9,33.75,32.293995,40498597
26-05-2020,33.75,36,33.599998,35.75,34.207718,51052291
27-05-2020,36,36.450001,35.349998,35.75,34.207718,41541291
28-05-2020,35.950001,37.5,35.900002,36.900002,35.308109,45712056
29-05-2020,36.200001,37.150002,35.599998,36.549999,34.973202,149706283
01-06-2020,37.599998,40.049999,37.200001,39.450001,37.748096,64630249
02-06-2020,41.450001,42.950001,40.599998,42.549999,40.714355,75507939
03-06-2020,43.349998,43.75,41.099998,41.700001,39.901031,70317645
04-06-2020,41.099998,43.200001,40.299999,42.5,40.666519,81866339
05-06-2020,43.950001,44.349998,42.799999,43.900002,42.006119,55224827
08-06-2020,44.900002,44.900002,42.299999,42.650002,40.810047,42629869
09-06-2020,43,43.700001,42.200001,42.75,40.905731,34471524
10-06-2020,42.75,43.549999,42.5,42.799999,40.953575,19799619
11-06-2020,42.799999,42.799999,41,41.200001,39.4226,23571379
12-06-2020,38,42.150002,37.799999,41.700001,39.901031,43584191
15-06-2020,41.700001,43,41.549999,42.400002,40.570831,32174670
16-06-2020,43.450001,43.450001,40.200001,41.049999,39.279068,33914922
17-06-2020,40.900002,42.200001,40.150002,41.25,39.47044,30296333
18-06-2020,41.099998,43.349998,41.099998,42.950001,41.097103,29310661
19-06-2020,43.450001,43.950001,42.799999,43.200001,41.336319,28219723
22-06-2020,43.700001,43.900002,43,43.650002,41.766903,21166722
23-06-2020,43.700001,44.950001,42.900002,44.450001,42.532391,36865827
24-06-2020,44.400002,44.650002,42.700001,43.25,41.384163,40591791
25-06-2020,43.150002,44.599998,43.099998,44,42.101807,35938924
26-06-2020,44.450001,47.400002,44.299999,46.349998,44.350422,46055970
29-06-2020,46.450001,47.25,44.450001,44.849998,42.915134,29327965
30-06-2020,45.700001,45.849998,44.099998,44.849998,42.915134,26717326
01-07-2020,45,46.700001,44.049999,46.099998,44.111206,28893548
02-07-2020,46.650002,50.700001,45.75,49.799999,47.651588,112201519
03-07-2020,50.450001,51.200001,49.349998,49.900002,47.747276,62701725
06-07-2020,50.650002,50.900002,49.900002,50.349998,48.17786,33194342
07-07-2020,50.349998,51.200001,50,50.849998,48.656288,25556054
08-07-2020,50.849998,52.700001,50.700001,52.200001,49.948051,41927350
09-07-2020,52.450001,53.200001,52.099998,52.5,50.235107,26268273
10-07-2020,50.599998,52.450001,49.700001,50.299999,48.130016,53816347
13-07-2020,50.900002,51.099998,49.150002,49.650002,47.50806,23184293
14-07-2020,49.099998,49.099998,46.900002,48.150002,47.557446,29076620
15-07-2020,48.5,49,46.799999,47.150002,46.569752,18652944
16-07-2020,47,47.700001,45.950001,46.700001,46.12529,17980227
17-07-2020,47.200001,49.599998,47.200001,49.299999,48.693291,31130208
20-07-2020,50,50,48.75,49.049999,48.446369,16776010
21-07-2020,49.5,49.5,48.549999,48.849998,48.248829,11941105
22-07-2020,48.650002,51.450001,48.549999,50.049999,49.434063,30638769
23-07-2020,50,50.349998,49.549999,50,49.384678,18215827
24-07-2020,49.950001,50.400002,48.650002,48.900002,48.298218,15734602
27-07-2020,48.799999,50.400002,47.700001,49.5,48.890831,26232020
28-07-2020,49.650002,50.400002,48.549999,49.150002,48.545139,19972698
29-07-2020,49.25,50.349998,49.200001,49.75,49.137753,18443993
30-07-2020,49.75,50.25,47.599998,48,47.40929,23600645
31-07-2020,48.049999,49,47.5,48.700001,48.100677,19704630
03-08-2020,48.799999,49.5,48.349998,48.75,48.150059,10560743
04-08-2020,49.200001,50.450001,49.099998,49.700001,49.088371,25280637
05-08-2020,49.950001,49.950001,48.650002,48.950001,48.347599,14901694
06-08-2020,49,50.099998,48.5,49.400002,48.792065,22695057
07-08-2020,49.349998,50.599998,49.099998,49.700001,49.088371,20079095
10-08-2020,49.799999,51.900002,49.799999,51.450001,50.816833,27048138
11-08-2020,51.950001,52.599998,51.099998,51.900002,51.261295,20281106
12-08-2020,51.900002,53.599998,51.200001,52.950001,52.298374,26298038
13-08-2020,55,57.900002,52.549999,56.099998,55.409607,112756334
14-08-2020,56.450001,57.200001,54.5,54.950001,54.273762,39660917
17-08-2020,55.5,56.349998,54.849998,56.049999,55.360222,22574630
18-08-2020,56.200001,56.400002,55,55.650002,54.965149,24508088
19-08-2020,56,58.25,55.799999,56.700001,56.002224,48760656
20-08-2020,56.150002,62.299999,56,61.400002,60.644386,117113064
21-08-2020,62.5,63.400002,61.700001,61.950001,61.187614,64263094
24-08-2020,62.349998,62.700001,60.150002,60.900002,60.150539,36278735
25-08-2020,61,61.700001,59.049999,60,59.261612,45582317
26-08-2020,60.299999,63.25,60,62.650002,61.879002,73743638
27-08-2020,63.099998,63.25,61.349998,61.599998,60.841923,28622558
28-08-2020,62.099998,62.25,60.299999,61.200001,60.446846,21774977
31-08-2020,61.400002,61.75,57.900002,58.75,58.026997,36839728
01-09-2020,59.599998,60.450001,58.200001,59.5,58.767765,43683296
02-09-2020,59.650002,61.349998,58.849998,60.950001,60.199921,25823443
03-09-2020,60.950001,61.599998,59.900002,60.700001,59.952999,23071103
04-09-2020,60,60.25,58.200001,58.900002,58.175152,20139542
07-09-2020,58.950001,59.400002,56.099998,57.400002,56.693611,26138463
08-09-2020,57.700001,58.200001,54.650002,55.200001,54.520683,24213780
09-09-2020,54.049999,56.150002,52.5,55.650002,54.965149,36318169
10-09-2020,56.450001,57.200001,54.700001,55.450001,54.767609,30550597
11-09-2020,55,57.150002,54.799999,56.700001,56.002224,22160341
14-09-2020,56.900002,58.400002,56.450001,57.099998,56.397301,22921566
15-09-2020,57.450001,58.75,57.099998,57.75,57.039303,18732445
16-09-2020,58.049999,58.299999,56.549999,56.799999,56.100994,18216129
17-09-2020,57.349998,58.150002,56.349998,56.75,56.051609,27360333
18-09-2020,57.049999,57.349998,55.75,56.200001,55.508377,15697096
21-09-2020,56.049999,56.200001,52.5,53,52.347759,27253422
22-09-2020,53,53.549999,50.400002,51.450001,50.816833,34523774
23-09-2020,52.25,54.200001,51.349998,53.450001,52.792221,24481334
24-09-2020,52.599998,52.950001,50.099998,50.450001,49.82914,21625654
25-09-2020,51.049999,53.400002,50.700001,53.099998,52.446526,24165575
28-09-2020,53.599998,54.599998,53.349998,54.150002,53.483608,16189540
29-09-2020,54.5,54.650002,53.25,53.950001,53.286068,18384412
30-09-2020,53.799999,54,53,53.299999,52.644066,10804820
01-10-2020,53.5,54.650002,53.5,54.450001,53.779915,13913795
05-10-2020,54.5,55.150002,53.599998,53.849998,53.187298,13583076
06-10-2020,54.099998,54.75,53.799999,54.599998,53.928066,10850162
07-10-2020,54.700001,56.900002,54.349998,56.150002,55.458996,25064716
08-10-2020,56.049999,56.5,53.75,55,54.323147,16737366
09-10-2020,55,55.5,54.150002,54.450001,53.779915,10432260
12-10-2020,54.450001,55.049999,52.599998,52.849998,52.199604,12879607
13-10-2020,52.799999,55.099998,52.549999,54.049999,53.384834,18622520
14-10-2020,53.900002,54,52.25,52.950001,52.298374,15451124
15-10-2020,53.099998,54.75,52.700001,52.900002,52.248989,23963776
16-10-2020,53.549999,54.599998,52.299999,54.150002,53.483608,24636965
19-10-2020,54.349998,55.549999,53.900002,55.200001,54.520683,18875642
20-10-2020,55,56.150002,54.549999,54.75,54.076221,17720431
21-10-2020,54.849998,55.349998,53.200001,53.950001,53.286068,17054864
22-10-2020,53.900002,55.599998,53.450001,55.099998,54.421913,15185237
23-10-2020,55.099998,55.700001,54.700001,55.25,54.570068,13365938
26-10-2020,55.650002,55.700001,52.950001,53.900002,53.236683,20120597
27-10-2020,54.5,54.5,53,53.75,53.088528,13240998
28-10-2020,53.799999,54.099998,52.900002,53.099998,52.446526,13646853
29-10-2020,52.599998,53.099998,51.650002,52.099998,51.458832,15351350
30-10-2020,52.450001,52.849998,51.650002,52.150002,51.508221,12994219
02-11-2020,52.400002,52.900002,52,52.650002,52.002068,9575485
03-11-2020,52.700001,53.849998,52.650002,53.599998,52.940372,11671919
04-11-2020,53.25,53.950001,52.299999,53.299999,52.644066,13555398
05-11-2020,53.5,55.849998,53.5,55.349998,54.668835,22517409
06-11-2020,55.349998,56.75,54.5,54.700001,54.026836,21662709
09-11-2020,55.450001,55.599998,53.900002,54.950001,54.273762,22041528
10-11-2020,55.5,57.099998,55,56.700001,56.002224,23878927
11-11-2020,57.450001,58.5,56.700001,57.25,56.545456,40249499
12-11-2020,57.400002,57.400002,55.200001,55.599998,54.91576,19585504
13-11-2020,55,55.75,54.599998,55.25,54.570068,15417488
14-11-2020,56,56.200001,55.549999,55.950001,55.261456,2578865
17-11-2020,56.5,58.200001,55.900002,57.650002,56.940533,26801425
18-11-2020,57.849998,61.25,57.700001,60.599998,59.854229,54298315
19-11-2020,60.25,61.450001,58.75,59.150002,58.422073,28987133
20-11-2020,59.549999,59.900002,56.700001,58.099998,57.384995,23428511
23-11-2020,58.849998,59.75,57.799999,58.849998,58.125763,24196085
24-11-2020,59.349998,60.150002,58.349998,59.950001,59.212231,25057495
25-11-2020,60.450001,63.900002,60.200001,61.5,60.743153,75949155
26-11-2020,62.200001,62.700001,61.200001,62.349998,61.582691,30119954
27-11-2020,63,65.25,62.450001,64.900002,64.101311,56608140
01-12-2020,65.599998,69.449997,65,68.849998,68.002701,70704403
02-12-2020,69.5,69.650002,66.699997,67.949997,67.113777,46261091
03-12-2020,68.5,69.699997,67.599998,69.25,68.397781,37361699
04-12-2020,71.699997,73.599998,69.349998,71.650002,70.768242,97738908
07-12-2020,72.449997,73.349998,71.150002,71.650002,70.768242,39355314
08-12-2020,73,73.099998,70.25,72,71.113937,43645664
09-12-2020,72.599998,75,71.900002,73.150002,72.249786,58476323
10-12-2020,73,73.449997,71,72.650002,71.755936,29242808
11-12-2020,72.75,74.099998,72.150002,72.800003,71.904091,36847385
14-12-2020,73.449997,74.099998,72.800003,73.449997,72.546089,20767955
15-12-2020,73.400002,75.5,72.5,75.150002,74.225174,38943070
16-12-2020,75.5,76.449997,74.650002,76.150002,75.212868,36595158
17-12-2020,76.25,76.699997,74.650002,75.199997,74.274551,28073186
18-12-2020,75,76.449997,73.650002,76.050003,75.114098,49891456
21-12-2020,75.849998,75.849998,66.400002,69.050003,68.200241,51731072
22-12-2020,69,71.900002,66.699997,71.650002,70.768242,46224467
23-12-2020,72,74.449997,71.5,74.150002,73.23748,30689573
24-12-2020,74.599998,75.599998,74.25,74.5,73.583168,23223241
28-12-2020,75.25,77.949997,75.099998,77.199997,76.249939,35601036
29-12-2020,78,78.800003,76.25,76.550003,75.607941,28745694
30-12-2020,76.949997,76.949997,75.199997,75.800003,74.867172,17918812
31-12-2020,75.849998,76.5,75.400002,75.650002,74.719017,15495713
01-01-2021,76,77.75,75.800003,77.349998,76.398094,19041567
04-01-2021,78.050003,79.650002,77.5,79.25,78.274712,23712305
05-01-2021,78,82.199997,77.900002,81.150002,80.151337,46181972
06-01-2021,82,83.5,80.75,82.449997,81.435333,46157617
07-01-2021,83.150002,83.650002,81.5,81.849998,80.842712,35219703
08-01-2021,84.349998,84.599998,82.599998,83.050003,82.027954,41178215
11-01-2021,83.599998,83.949997,82.150002,83.300003,82.274872,25575169
12-01-2021,83,87.300003,82.650002,86.050003,84.991035,43670529
13-01-2021,86.900002,87.650002,83.75,85.849998,84.793488,37272052
14-01-2021,86.099998,87.150002,84.900002,85.949997,84.892258,20620191
15-01-2021,86.400002,88,84.349998,85.550003,84.497185,35416980
18-01-2021,85.849998,85.849998,81,82.099998,81.089638,31480725
19-01-2021,82.75,85.699997,82.599998,85.400002,84.34903,25469132
20-01-2021,85.599998,86.449997,84.150002,84.800003,83.756416,19476831
21-01-2021,85.5,85.699997,82.199997,83,81.978561,16889392
22-01-2021,82.900002,83.099998,77.949997,79.400002,78.422867,42934185
25-01-2021,84,84,78,79.25,78.274712,55671719
27-01-2021,79.650002,79.800003,75.650002,75.949997,75.01532,47062543
28-01-2021,75,77.900002,74.449997,77.099998,76.151169,40097316
29-01-2021,78.550003,78.599998,75,75.400002,74.472092,28386915
01-02-2021,76.400002,81.199997,74.5,79.900002,78.916718,45909331
02-02-2021,81.5,84.099998,79.650002,83.599998,82.571182,47955673
03-02-2021,84.150002,85.5,82.25,84.199997,83.163795,41816643
04-02-2021,84.949997,90.5,84.449997,89.599998,88.497337,94513383
05-02-2021,91.449997,91.650002,85,87.449997,86.373795,98504307
08-02-2021,88,91.650002,87.5,90,88.892418,70145365
09-02-2021,90.150002,90.449997,86.449997,87.150002,86.077492,37086127
10-02-2021,88.050003,89.949997,86.349998,88.099998,87.0158,57056934
11-02-2021,88.699997,89.150002,87.5,87.800003,86.719498,18482937
12-02-2021,88,88.5,86,87.300003,86.225647,18854969
15-02-2021,88,88.900002,86.349998,86.699997,85.633026,28371641
16-02-2021,87.400002,91,86.599998,90.25,89.139343,45833754
17-02-2021,90.900002,92.449997,89.800003,91.099998,89.978882,66947755
18-02-2021,91.75,94.050003,90.199997,93.099998,91.954269,48616071
19-02-2021,93.400002,94.849998,89.349998,91.099998,89.978882,69544392
22-02-2021,90.949997,92.5,89,90.099998,88.991188,38203233
23-02-2021,90.699997,93.400002,89.800003,92.050003,90.917191,43925417
24-02-2021,92.849998,94.5,92.050003,94.050003,92.892578,27561130
25-02-2021,94.900002,97.650002,94.349998,96,94.818581,70938332
26-02-2021,94.800003,96.400002,93,95.150002,93.979042,50696555
01-03-2021,96.599998,99.5,95.550003,97.900002,96.695198,62133610
02-03-2021,100,100.800003,98,100.349998,99.115044,67108317
03-03-2021,104.599998,105.5,102.5,105.25,103.954742,85272517
04-03-2021,103.800003,114,102.75,109.300003,107.95491,147425687
05-03-2021,110.699997,110.699997,104,107.349998,106.0289,75015270
08-03-2021,108.900002,111.849998,108.199997,109.050003,107.707985,57273663
09-03-2021,110,110.650002,104.699997,107,105.683212,51804429
10-03-2021,109.099998,109.25,105.800003,107.349998,106.0289,43852673
12-03-2021,108.400002,114.5,107,113.25,111.856293,162828658
15-03-2021,114,114.150002,108,111.550003,110.177216,101454870
16-03-2021,112,112.300003,109.099998,109.699997,108.349976,50275101
17-03-2021,109.199997,110.5,102.400002,103.300003,102.028748,64241698
18-03-2021,104.599998,106.599998,96,100.550003,99.312592,102669579
19-03-2021,100,104.75,96.300003,104.150002,102.868286,118996777
22-03-2021,104.900002,106.5,103.800003,104.75,103.460899,74913152
23-03-2021,104.949997,105.949997,104,104.550003,103.263367,41887531
24-03-2021,103,105.599998,100.849998,101.25,100.003975,49603176
25-03-2021,101.800003,102.199997,96.599998,98.650002,97.435966,78179436
26-03-2021,100.949997,104.349998,100,103.449997,102.176895,78988471
30-03-2021,105.349998,105.349998,102.800003,103.599998,102.32505,47450305
31-03-2021,103.650002,105.849998,102.849998,103.25,101.979362,35702981
01-04-2021,103.900002,105.5,103.550003,105.050003,103.75721,34637782
05-04-2021,105,105.5,100.449997,103.349998,102.078125,48340372
06-04-2021,103.800003,107.349998,102.449997,104.699997,103.411514,56713336
07-04-2021,104.349998,105.650002,103.5,104.449997,103.164589,36218955
08-04-2021,105,106.75,104.699997,104.949997,103.658432,36910799
09-04-2021,105.349998,106.199997,103,104.099998,102.818893,35350727
12-04-2021,101,101,89.900002,92.199997,91.065346,125893617
13-04-2021,92.300003,96.300003,91.550003,95.849998,94.670425,76861733
15-04-2021,94.699997,96.699997,93.300003,94.150002,92.991348,38846301
16-04-2021,95,97.949997,94.050003,97.150002,95.95443,49515934
19-04-2021,92.400002,94.949997,91.800003,93.800003,92.64566,43657515
20-04-2021,96,96,92.400002,93.599998,92.448112,35631799
22-04-2021,94,95,92.400002,94.25,93.090118,34186730
23-04-2021,94.199997,96.900002,93.550003,95.650002,94.472893,40943046
26-04-2021,95.699997,97.150002,95.5,96.300003,95.114891,24546834
27-04-2021,96.949997,98.449997,96.400002,98,96.793968,26892254
28-04-2021,98.599998,99.150002,97.650002,97.949997,96.744583,32345591
29-04-2021,98.900002,100.199997,97.449997,97.650002,96.448273,39809692
30-04-2021,96.949997,101.400002,96.25,98.849998,97.633507,40125740
03-05-2021,97.949997,100.400002,96.349998,99.849998,98.621201,37404501
04-05-2021,100.599998,103.400002,100,101.050003,99.806435,55562146
05-05-2021,102.400002,102.949997,100.25,102,100.744743,25421812
06-05-2021,102.550003,104.650002,101.599998,102.900002,101.633667,35150275
07-05-2021,103.849998,103.949997,102.25,102.699997,101.436127,28791094
10-05-2021,103.75,110.5,103.199997,109.949997,108.596901,70028129
11-05-2021,109,111.150002,107.099998,109.349998,108.004288,64737614
12-05-2021,110.349998,110.550003,105.150002,106.599998,105.288132,61946163
14-05-2021,106.349998,108,101,101.5,100.250893,66640242
17-05-2021,102.5,104.300003,101.650002,103.449997,102.176895,40412520
18-05-2021,105,107.349998,104.650002,105.349998,104.053513,40666745
19-05-2021,105.050003,107,103.900002,104.25,102.967049,31394002
20-05-2021,105.199997,105.449997,102.449997,102.949997,101.683044,19494462
21-05-2021,103.849998,106,103.300003,104.900002,103.609055,27004076
24-05-2021,105.599998,107.949997,104.5,107.300003,105.979523,41530007
25-05-2021,108.300003,109.349998,106.650002,107.449997,106.12767,35294915
26-05-2021,108,108.300003,105.800003,106.099998,104.794281,26772472
27-05-2021,106.099998,107,104.900002,106.349998,105.041206,21200089
28-05-2021,107.199997,107.5,105.099998,105.349998,104.053513,19973552
31-05-2021,105.300003,106.949997,103.800003,106.449997,105.139977,29739476
01-06-2021,106.400002,106.400002,103.699997,104.650002,103.362129,25038000
02-06-2021,104.5,108.400002,104.349998,108.099998,106.769669,31238619
03-06-2021,110,110.5,107.900002,108.650002,107.312904,38360946
04-06-2021,109.099998,109.099998,107,108.150002,106.819061,19048139
07-06-2021,109,115,108.300003,113.349998,111.955063,95358858
08-06-2021,114.400002,119.199997,114,117.050003,115.609535,93023993
09-06-2021,120.75,132.699997,119,124.650002,123.116005,360661838
10-06-2021,128,130.399994,125.099998,127.599998,126.029694,140351463
11-06-2021,128.75,128.75,124.25,125.699997,124.153076,62530141
14-06-2021,126.25,126.25,116.599998,123.400002,121.881386,86326236
15-06-2021,125,125.599998,121.699997,122.150002,120.646767,45450324
16-06-2021,122,127.900002,120.150002,125.949997,124.400002,84445896
17-06-2021,123.949997,126.900002,122.300003,123.949997,123.949997,73801920
18-06-2021,124.349998,124.699997,116.949997,121.449997,121.449997,73972898
21-06-2021,118.199997,124,117.949997,123.300003,123.300003,44593802
22-06-2021,124.199997,125.099998,120.900002,121.449997,121.449997,44246677
23-06-2021,122.5,123.199997,120.550003,120.75,120.75,29338636
24-06-2021,120.75,121.449997,118.199997,118.849998,118.849998,28009357
25-06-2021,119.900002,122.599998,119.550003,121.099998,121.099998,25945027
28-06-2021,122,123.5,120.800003,122.550003,122.550003,27616278
29-06-2021,122.949997,124.75,121.75,122.800003,122.800003,30981874
30-06-2021,123.400002,123.900002,121.699997,122.099998,122.099998,30099781
01-07-2021,122.800003,122.800003,121,121.349998,121.349998,18570986
02-07-2021,122,122.599998,120.599998,120.949997,120.949997,22789936
05-07-2021,121.949997,126.900002,121.75,125.900002,125.900002,61606669
06-07-2021,126,126.5,122.050003,123,123,31062811
07-07-2021,123,124.5,122.150002,123.849998,123.849998,19773453
08-07-2021,124.099998,126.849998,122.400002,123.400002,123.400002,33870196
09-07-2021,123,124.800003,121.699997,124.449997,124.449997,24078290
12-07-2021,126,126.300003,123.449997,123.800003,123.800003,26731429
13-07-2021,124.199997,125.25,122.949997,124.050003,124.050003,19316578
14-07-2021,125,126,124.099998,124.550003,124.550003,23276074
15-07-2021,124.849998,126.5,124.150002,124.449997,124.449997,22522585
16-07-2021,125.400002,125.400002,123.650002,124.150002,124.150002,13479996
19-07-2021,126.25,128.449997,124.599998,125.800003,125.800003,65614163
20-07-2021,125.650002,126.349998,121.199997,121.800003,121.800003,48822351
22-07-2021,123.400002,124.199997,122.400002,123.699997,123.699997,20890960
23-07-2021,124.900002,125.449997,122.599998,122.900002,122.900002,18344408
26-07-2021,123,123.75,122.099998,122.599998,122.599998,14838935
27-07-2021,122.800003,123.75,120.199997,121.150002,121.150002,16292819
28-07-2021,121.449997,121.849998,118.400002,120.349998,120.349998,19451371
29-07-2021,120.75,124,120.699997,122.75,122.75,16366211
30-07-2021,122.599998,126.650002,122.300003,125,125,30163350
02-08-2021,126.550003,134,125.550003,133.449997,133.449997,102355625
03-08-2021,134.399994,135.5,132.199997,132.600006,132.600006,50457587
04-08-2021,133,134.649994,130.100006,131.649994,131.649994,33758053
05-08-2021,132.149994,135.399994,129.600006,134.550003,134.550003,39952286
06-08-2021,135.25,136.800003,134.300003,135.149994,135.149994,47743493
09-08-2021,137,137,130.300003,132.050003,132.050003,66874756
10-08-2021,132.449997,133.75,127.050003,130.050003,130.050003,31526384
11-08-2021,130.300003,131.649994,126.5,129.600006,129.600006,32222624
12-08-2021,130.25,134.199997,129.850006,133.649994,133.649994,31898731
13-08-2021,134.350006,134.5,132,132.550003,132.550003,23715152
16-08-2021,132.550003,134.050003,131.649994,132.100006,132.100006,17472608
17-08-2021,132.100006,132.949997,128.5,131.100006,131.100006,21755033
18-08-2021,131.699997,131.800003,130.100006,130.449997,130.449997,18082061
20-08-2021,129,130.199997,125.25,126.199997,126.199997,27402061
23-08-2021,127.099998,127.849998,121.699997,124.949997,124.949997,30434681
24-08-2021,125,126.599998,123.650002,125.900002,125.900002,22809811
25-08-2021,126.400002,127.5,125.5,126.050003,126.050003,18144345
26-08-2021,126.449997,126.599998,124.550003,125.650002,125.650002,16968193
27-08-2021,125.650002,127.599998,125.199997,127.25,127.25,12708091
30-08-2021,128.399994,130.100006,128,129.149994,129.149994,17545528
31-08-2021,130.300003,130.699997,128.25,129.050003,129.050003,24301446
01-09-2021,129.699997,134.25,128.699997,133.399994,133.399994,31166001
02-09-2021,133.850006,134.800003,132.600006,133.600006,133.600006,25276744
03-09-2021,134.050003,135.449997,133.25,133.850006,133.850006,19000628
06-09-2021,134.399994,134.600006,132,132.199997,132.199997,14304796
07-09-2021,132.399994,132.550003,129.25,130.050003,130.050003,14561241
08-09-2021,130.600006,133.5,129.5,133.25,133.25,16351745
09-09-2021,133.199997,134.300003,131.75,132.75,132.75,14453584
13-09-2021,132.75,132.75,130.399994,131.050003,131.050003,13771980
14-09-2021,131.5,133.300003,131.300003,133,133,13305823
15-09-2021,133.100006,142.300003,132.800003,140.050003,140.050003,68917060
16-09-2021,140,142,138.5,140.25,140.25,24490647
17-09-2021,140.850006,141.5,136.100006,137.899994,137.899994,27560843
20-09-2021,137.600006,139.350006,133.199997,134.300003,134.300003,21535092
21-09-2021,134.75,136.300003,131.199997,135.850006,135.850006,22526116
22-09-2021,136.949997,139.649994,136.399994,137.850006,137.850006,21321952
23-09-2021,139.199997,144.899994,138.75,143.649994,143.649994,42890085
24-09-2021,145,145.350006,138.699997,139.100006,139.100006,29040576
27-09-2021,140.300003,140.399994,136.75,138.75,138.75,18192368
28-09-2021,140,142.850006,139.050003,140.050003,140.050003,29196888
29-09-2021,139.800003,158.75,138.899994,151.600006,151.600006,126746990
30-09-2021,152.5,161.199997,151.300003,158.75,158.75,111302311
01-10-2021,158.75,164.949997,156.600006,163.75,163.75,90310679
04-10-2021,166.25,172.5,164,168.600006,168.600006,93787605
05-10-2021,169,184.75,168.350006,179.399994,179.399994,161189379
06-10-2021,182.850006,182.850006,172.800003,175.949997,175.949997,101232618
07-10-2021,178.350006,184,176.850006,177.75,177.75,73313810
08-10-2021,180.149994,180.199997,175,176.850006,176.850006,43365657
11-10-2021,177.850006,193.699997,177,191.5,191.5,126307288
12-10-2021,194.899994,198.699997,189.800003,195.800003,195.800003,104950239
13-10-2021,201.649994,232.399994,200,224.199997,224.199997,305037222
14-10-2021,235,237,220.699997,222.600006,222.600006,126938132
18-10-2021,227.5,264.850006,223.100006,257.299988,257.299988,273591610
19-10-2021,266,267.850006,221.5,229.75,229.75,245771135
20-10-2021,225,236.300003,217.5,230.350006,230.350006,219286012
21-10-2021,234,234.399994,220.550003,226.149994,226.149994,82393222
22-10-2021,228.5,233.800003,216,222,222,85764004
25-10-2021,224.600006,224.899994,208,213.600006,213.600006,92057542
26-10-2021,215.050003,232.300003,214.25,225.300003,225.300003,113036438
27-10-2021,231.5,232.699997,222.699997,224.25,224.25,78577000
28-10-2021,224.800003,224.800003,216.600006,218,218,64733467
29-10-2021,210.5,217.699997,201.399994,214.300003,214.300003,115032835
01-11-2021,219.949997,225.199997,214.399994,222.949997,222.949997,59687720
02-11-2021,228,235,227.25,228.5,228.5,91597155
03-11-2021,230,230.899994,226.199997,228.800003,228.800003,49974804
04-11-2021,231.800003,233.149994,230.600006,231.350006,231.350006,14860447
08-11-2021,233,235.649994,228.75,234.550003,234.550003,53880144
09-11-2021,235,247.949997,234.649994,241.899994,241.899994,103894620
10-11-2021,241.399994,241.399994,236.300003,237,237,47845906
11-11-2021,237.5,241.300003,235.550003,239.75,239.75,50433666
12-11-2021,242,242.399994,236,239.850006,239.850006,42038250
15-11-2021,241.850006,244,239.300003,241.649994,241.649994,32578602
16-11-2021,242.149994,247.649994,241.5,244.5,244.5,47776299
17-11-2021,244.5,252.5,243,249.899994,249.899994,58883464
18-11-2021,250.399994,252.050003,232.449997,237.100006,237.100006,82052417
22-11-2021,238.399994,238.399994,224,227.649994,227.649994,62459802
23-11-2021,223.949997,238,222.199997,236.949997,236.949997,61158286
24-11-2021,240,246.699997,237.300003,238.550003,238.550003,67847218
25-11-2021,239.449997,244.399994,234,242.800003,242.800003,51777691
26-11-2021,238,240.300003,225.75,227.350006,227.350006,80108784
29-11-2021,226,226.75,213.25,218.649994,218.649994,83187881
30-11-2021,221.949997,228.25,213.100006,216.800003,216.800003,222571262
01-12-2021,220,227.300003,215,225.199997,225.199997,67127202
02-12-2021,230.449997,230.449997,221.199997,226.399994,226.399994,78572738
03-12-2021,226.800003,228.300003,224.350006,225.600006,225.600006,48145736
06-12-2021,225.600006,226.600006,220.100006,220.850006,220.850006,34399066
07-12-2021,224,227.75,222.75,226.449997,226.449997,36287629
08-12-2021,228,230.800003,227,229.399994,229.399994,30348053
09-12-2021,229.899994,230.899994,226.800003,227.699997,227.699997,23516676
10-12-2021,226.399994,229.899994,225.399994,228,228,26363105
13-12-2021,230.100006,236.5,229,230.25,230.25,40382575
14-12-2021,230,230,225.5,229.050003,229.050003,24698002
15-12-2021,229,232.399994,227.050003,227.850006,227.850006,20127541
16-12-2021,229.800003,230.050003,219.149994,221.899994,221.899994,40645402
17-12-2021,222.699997,222.699997,214,215.800003,215.800003,38813929
20-12-2021,210.5,211.949997,202.800003,209.100006,209.100006,47944121
21-12-2021,213,216.25,209.850006,211.899994,211.899994,33006180
22-12-2021,214.5,218.699997,213.300003,218,218,21655596
23-12-2021,220,221.25,217.449997,218.050003,218.050003,16940883
24-12-2021,219.050003,219.449997,214.149994,216.800003,216.800003,18770416
27-12-2021,216.600006,217.75,213.800003,217.350006,217.350006,15870056
28-12-2021,218.699997,222.199997,218.5,221.600006,221.600006,19058757
29-12-2021,221,223.25,218.850006,219.449997,219.449997,14504319
30-12-2021,218.699997,221,217.050003,218.350006,218.350006,14315067
31-12-2021,218.899994,222,218.350006,220.949997,220.949997,12737974
03-01-2022,221.199997,223.899994,216,223.399994,223.399994,19062825
04-01-2022,224.300003,228.25,221,226.300003,226.300003,32469988
05-01-2022,226.399994,226.550003,223,223.5,223.5,17271276
06-01-2022,221.449997,229.800003,219.5,228.449997,228.449997,27537005
07-01-2022,230.300003,232.850006,227.100006,229.800003,229.800003,34595209
10-01-2022,230.949997,233.449997,230.399994,231.75,231.75,22061859
11-01-2022,233,236.699997,231.800003,233.100006,233.100006,25489182
12-01-2022,234.899994,239.649994,234.5,237.75,237.75,32665403
13-01-2022,239,246.699997,236.5,245.300003,245.300003,50250827
14-01-2022,243.699997,248.5,242.5,244.399994,244.399994,36940487
17-01-2022,245.899994,249.25,245,247.850006,247.850006,25339181
18-01-2022,250,250.600006,237.800003,239.100006,239.100006,30408196
19-01-2022,239,249.699997,236.050003,248.5,248.5,36751594
20-01-2022,250,252.149994,245.149994,248.649994,248.649994,35990609
21-01-2022,245.800003,250.800003,238.550003,241.949997,241.949997,35507032
24-01-2022,242.5,243.850006,226.600006,229.550003,229.550003,43279408
25-01-2022,226.25,240.850006,223,238.800003,238.800003,39449718
27-01-2022,235.5,242.350006,232.5,241.050003,241.050003,35920383
28-01-2022,244.699997,250,242.850006,244.050003,244.050003,34523855
31-01-2022,247.949997,249.550003,245.300003,246.050003,246.050003,24939671
01-02-2022,249.5,256.399994,244.800003,249.850006,249.850006,74185275
02-02-2022,251.899994,255,249.25,250.600006,250.600006,25162901
03-02-2022,250.550003,254.399994,249.300003,252.850006,252.850006,27724870
04-02-2022,253.800003,257.899994,253,254.350006,254.350006,39309420
07-02-2022,255.5,256.700012,250.550003,251.800003,251.800003,32770930
08-02-2022,252.5,253.600006,232.600006,234.850006,234.850006,82053977
09-02-2022,236.699997,238.899994,232.600006,238,238,35604075
10-02-2022,238.5,244.5,234.100006,241.300003,241.300003,55153254
11-02-2022,240,242.050003,230.199997,232.300003,232.300003,36050888
14-02-2022,226,226.850006,216,220.5,220.5,38301829
15-02-2022,222.75,231.75,218.800003,230.399994,230.399994,36314556
16-02-2022,233.399994,236.899994,230.100006,231.350006,231.350006,35144286
17-02-2022,233.350006,233.850006,227,227.75,227.75,23381354
18-02-2022,227,230,224.649994,225.75,225.75,18717812
21-02-2022,224,227.649994,222.25,225,225,24657963
22-02-2022,218,224.850006,217.300003,222.649994,222.649994,29360421
23-02-2022,226,226.800003,220.350006,221.199997,221.199997,23583042
24-02-2022,213,216.149994,203.25,204.300003,204.300003,60097152
25-02-2022,210,221.300003,209.550003,220,220,52157687
28-02-2022,217.5,224.350006,214.100006,223.050003,223.050003,35508015
02-03-2022,220,227.25,218.399994,225.399994,225.399994,28297089
03-03-2022,229,230.550003,225.899994,226.600006,226.600006,22429798
04-03-2022,225,226.449997,220.800003,221.449997,221.449997,22427429
07-03-2022,217,219.699997,212.25,216.199997,216.199997,23498823
08-03-2022,215,227.800003,214.600006,226.949997,226.949997,41105290
09-03-2022,229.100006,231.199997,226.300003,229.25,229.25,25437632
10-03-2022,235,235.850006,229.899994,232.25,232.25,25462569
11-03-2022,231.899994,234.25,230.300003,233.149994,233.149994,18163055
14-03-2022,233.100006,234.649994,230.550003,231.550003,231.550003,12074559
15-03-2022,231.949997,233.300003,225.300003,227.399994,227.399994,16150855
16-03-2022,230,231.699997,229.050003,230.449997,230.449997,12428032
17-03-2022,233.600006,233.949997,231.300003,231.75,231.75,16453329
21-03-2022,232.949997,233.399994,227.350006,227.949997,227.949997,12356508
22-03-2022,229.100006,231.899994,226.300003,231.399994,231.399994,14893566
23-03-2022,232.350006,237.449997,231.649994,234.300003,234.300003,29507641
24-03-2022,234,241,232.949997,239.5,239.5,31525902
25-03-2022,240,244.300003,239.199997,241.350006,241.350006,24286187
28-03-2022,242.550003,244,237.449997,239.600006,239.600006,14835527
29-03-2022,243.600006,244.899994,238.5,239.100006,239.100006,20061075
30-03-2022,240.949997,244.899994,237.75,241.699997,241.699997,22893839
31-03-2022,242.899994,242.899994,237.649994,238.649994,238.649994,13956014
01-04-2022,237.649994,246.350006,237.100006,245.449997,245.449997,25666798
04-04-2022,247.149994,253.550003,246.100006,251.949997,251.949997,39380622
05-04-2022,253.850006,275.25,252.100006,273.600006,273.600006,94568156
06-04-2022,275.950012,296.5,273.100006,289.799988,289.799988,227551020
07-04-2022,292.350006,298.049988,276,277.799988,277.799988,151174247
08-04-2022,280.899994,282.799988,273.049988,278.100006,278.100006,64353330
11-04-2022,281,288.450012,280.350006,282.899994,282.899994,47972951
12-04-2022,283.350006,283.350006,271.600006,275.149994,275.149994,44771140
13-04-2022,278.600006,280.299988,272.299988,273.100006,273.100006,31460232
18-04-2022,267.899994,267.899994,252,257.899994,257.899994,89819229
19-04-2022,260.5,262,242.5,246.449997,246.449997,53483065
20-04-2022,250,254.699997,246.550003,249.649994,249.649994,41573598
21-04-2022,253,260.200012,250.699997,258.850006,258.850006,40617734
22-04-2022,258,259,252.300003,253.100006,253.100006,30569068
25-04-2022,248,251.550003,244.699997,247.350006,247.350006,24620801
26-04-2022,251.149994,251.449997,248.050003,248.850006,248.850006,17965504
27-04-2022,247.800003,255.25,245.5,247.350006,247.350006,32027943
28-04-2022,250.899994,250.899994,244.399994,248.25,248.25,20911099
29-04-2022,250.899994,253.199997,240.850006,242.350006,242.350006,26234765
